{
	"meta": {
		"count": 13,
		"type": "azusers",
		"version": 4
	},
	"data": [
    {
        "DisplayName":  null,
        "UserPrincipalName":  "admin@defcorpspace.onmicrosoft.com",
        "OnPremisesSecurityIdentifier":  null,
        "ObjectID":  "ec7cf1b7-dfdb-4c23-89a5-5e680b4c4e4d",
        "TenantID":  "15e43385-64db-4b74-a18b-d167ec5ef191"
    },
    {
        "DisplayName":  null,
        "UserPrincipalName":  "MarcoJWillis@defcorpspace.onmicrosoft.com",
        "OnPremisesSecurityIdentifier":  null,
        "ObjectID":  "4bacb232-26c8-4930-b222-dc512237514d",
        "TenantID":  "15e43385-64db-4b74-a18b-d167ec5ef191"
    },
    {
        "DisplayName":  null,
        "UserPrincipalName":  "monika_alteredsecurity.com#EXT#_monikaalteredsecurity.EVGNR#EXT#@defcorpspace.onmicrosoft.com",
        "OnPremisesSecurityIdentifier":  null,
        "ObjectID":  "fac406fb-7559-4e53-b698-bdaba813f80f",
        "TenantID":  null
    },
    {
        "DisplayName":  null,
        "UserPrincipalName":  "User1449435585118055842@defcorpspace.onmicrosoft.com",
        "OnPremisesSecurityIdentifier":  null,
        "ObjectID":  "d7845994-da66-45c7-8465-1efe3a660f83",
        "TenantID":  "15e43385-64db-4b74-a18b-d167ec5ef191"
    },
    {
        "DisplayName":  null,
        "UserPrincipalName":  "User1867663399651506886@defcorpspace.onmicrosoft.com",
        "OnPremisesSecurityIdentifier":  null,
        "ObjectID":  "dd36eaa9-6031-40f1-a514-3108dc669a86",
        "TenantID":  "15e43385-64db-4b74-a18b-d167ec5ef191"
    },
    {
        "DisplayName":  null,
        "UserPrincipalName":  "User2467817961391655069@defcorpspace.onmicrosoft.com",
        "OnPremisesSecurityIdentifier":  null,
        "ObjectID":  "3c05b16f-1c52-4f86-b427-c83fadf43e5a",
        "TenantID":  "15e43385-64db-4b74-a18b-d167ec5ef191"
    },
    {
        "DisplayName":  null,
        "UserPrincipalName":  "User3900958756827633522@defcorpspace.onmicrosoft.com",
        "OnPremisesSecurityIdentifier":  null,
        "ObjectID":  "6264561c-d3fc-4019-976d-b5c7233a7205",
        "TenantID":  "15e43385-64db-4b74-a18b-d167ec5ef191"
    },
    {
        "DisplayName":  null,
        "UserPrincipalName":  "User4165843183275814973@defcorpspace.onmicrosoft.com",
        "OnPremisesSecurityIdentifier":  null,
        "ObjectID":  "2ecdd075-cf19-4520-b74b-ae52bf8ce346",
        "TenantID":  "15e43385-64db-4b74-a18b-d167ec5ef191"
    },
    {
        "DisplayName":  null,
        "UserPrincipalName":  "User5711705423128716927@defcorpspace.onmicrosoft.com",
        "OnPremisesSecurityIdentifier":  null,
        "ObjectID":  "5a87e8af-e35b-4414-8d97-d244f7b61699",
        "TenantID":  "15e43385-64db-4b74-a18b-d167ec5ef191"
    },
    {
        "DisplayName":  null,
        "UserPrincipalName":  "User6966345843950835643@defcorpspace.onmicrosoft.com",
        "OnPremisesSecurityIdentifier":  null,
        "ObjectID":  "45456161-ba5b-4e00-8f48-3a2f4cc60f29",
        "TenantID":  "15e43385-64db-4b74-a18b-d167ec5ef191"
    },
    {
        "DisplayName":  null,
        "UserPrincipalName":  "User7489130456943981111@defcorpspace.onmicrosoft.com",
        "OnPremisesSecurityIdentifier":  null,
        "ObjectID":  "e0bd1cd1-96fe-4aa3-9156-6ccecdae36a1",
        "TenantID":  "15e43385-64db-4b74-a18b-d167ec5ef191"
    },
    {
        "DisplayName":  null,
        "UserPrincipalName":  "User7711629489685161316@defcorpspace.onmicrosoft.com",
        "OnPremisesSecurityIdentifier":  null,
        "ObjectID":  "6f1f42aa-8366-4aa2-b808-b11ea429b9fe",
        "TenantID":  "15e43385-64db-4b74-a18b-d167ec5ef191"
    },
    {
        "DisplayName":  null,
        "UserPrincipalName":  "User993844311100680013@defcorpspace.onmicrosoft.com",
        "OnPremisesSecurityIdentifier":  null,
        "ObjectID":  "5386bf95-23c7-4537-8d4e-20685d25812d",
        "TenantID":  "15e43385-64db-4b74-a18b-d167ec5ef191"
    }
	]
}
