{
	"meta": {
		"count": 4,
		"type": "azgroupmembers",
		"version": 4
	},
	"data": [
    {
        "GroupName":  "test",
        "GroupID":  "9001de95-8ab5-4de4-a830-8bfdf292dd6f",
        "GroupOnPremID":  null,
        "MemberName":  "admin",
        "MemberID":  "ec7cf1b7-dfdb-4c23-89a5-5e680b4c4e4d",
        "MemberType":  "User",
        "MemberOnPremID":  null
    },
    {
        "GroupName":  "test5",
        "GroupID":  "c54d3979-f800-4833-ad96-1f048690b250",
        "GroupOnPremID":  null,
        "MemberName":  "AzureAD Lab",
        "MemberID":  "c71b6f90-3b92-4232-b030-388d9dd4fe1b",
        "MemberType":  "ServicePrincipal",
        "MemberOnPremID":  null
    },
    {
        "GroupName":  "test10",
        "GroupID":  "167eadec-554a-4914-a654-7e43a05b8b88",
        "GroupOnPremID":  null,
        "MemberName":  "admin",
        "MemberID":  "ec7cf1b7-dfdb-4c23-89a5-5e680b4c4e4d",
        "MemberType":  "User",
        "MemberOnPremID":  null
    },
    {
        "GroupName":  "Application-admin",
        "GroupID":  "99cbdb3a-42b2-4007-a8a6-16984ec16165",
        "GroupOnPremID":  null,
        "MemberName":  "admin",
        "MemberID":  "ec7cf1b7-dfdb-4c23-89a5-5e680b4c4e4d",
        "MemberType":  "User",
        "MemberOnPremID":  null
    }
	]
}
