{
	"meta": {
		"count": 3,
		"type": "azdevices",
		"version": 4
	},
	"data": [
    {
        "DeviceDisplayname":  "DESKTOP-L68HC3K",
        "DeviceID":  "114bd152-e25c-43d5-95d2-b42d361da90e",
        "DeviceOS":  "Windows",
        "OwnerDisplayName":  null,
        "OwnerID":  null,
        "OwnerType":  null,
        "OwnerOnPremID":  null
    },
    {
        "DeviceDisplayname":  "Gandolf",
        "DeviceID":  "92029dd9-ae9b-43dc-bf2f-e46b20193fc3",
        "DeviceOS":  "Windows",
        "OwnerDisplayName":  null,
        "OwnerID":  null,
        "OwnerType":  null,
        "OwnerOnPremID":  null
    },
    {
        "DeviceDisplayname":  "Zelda",
        "DeviceID":  "b7c13f6d-6787-416e-a239-32989ea23b8e",
        "DeviceOS":  "Windows",
        "OwnerDisplayName":  null,
        "OwnerID":  null,
        "OwnerType":  null,
        "OwnerOnPremID":  null
    }
	]
}
