{
	"meta": {
		"count": 8,
		"type": "azgroups",
		"version": 4
	},
	"data": [
    {
        "DisplayName":  "test",
        "OnPremisesSecurityIdentifier":  null,
        "ObjectID":  "9001de95-8ab5-4de4-a830-8bfdf292dd6f",
        "TenantID":  "15e43385-64db-4b74-a18b-d167ec5ef191"
    },
    {
        "DisplayName":  "test2",
        "OnPremisesSecurityIdentifier":  null,
        "ObjectID":  "4d4d20ec-7a24-4c63-97c1-559bda9abaf4",
        "TenantID":  "15e43385-64db-4b74-a18b-d167ec5ef191"
    },
    {
        "DisplayName":  "AdminHackers",
        "OnPremisesSecurityIdentifier":  null,
        "ObjectID":  "46fbd1d5-16ea-4dcb-a898-b41e55b368a1",
        "TenantID":  "15e43385-64db-4b74-a18b-d167ec5ef191"
    },
    {
        "DisplayName":  "test22",
        "OnPremisesSecurityIdentifier":  null,
        "ObjectID":  "495a1ca3-b53e-476b-b0b1-89c8d0c9ed9e",
        "TenantID":  "15e43385-64db-4b74-a18b-d167ec5ef191"
    },
    {
        "DisplayName":  "test5",
        "OnPremisesSecurityIdentifier":  null,
        "ObjectID":  "c54d3979-f800-4833-ad96-1f048690b250",
        "TenantID":  "15e43385-64db-4b74-a18b-d167ec5ef191"
    },
    {
        "DisplayName":  "test10",
        "OnPremisesSecurityIdentifier":  null,
        "ObjectID":  "167eadec-554a-4914-a654-7e43a05b8b88",
        "TenantID":  "15e43385-64db-4b74-a18b-d167ec5ef191"
    },
    {
        "DisplayName":  "test1",
        "OnPremisesSecurityIdentifier":  null,
        "ObjectID":  "3edda0b6-767a-4b80-804f-4a38074353ba",
        "TenantID":  "15e43385-64db-4b74-a18b-d167ec5ef191"
    },
    {
        "DisplayName":  "Application-admin",
        "OnPremisesSecurityIdentifier":  null,
        "ObjectID":  "99cbdb3a-42b2-4007-a8a6-16984ec16165",
        "TenantID":  "15e43385-64db-4b74-a18b-d167ec5ef191"
    }
	]
}
