{
	"meta": {
		"count": 10,
		"type": "azapplicationtosp",
		"version": 4
	},
	"data": [
    {
        "AppId":  null,
        "AppName":  "HelperApp_3af3efbd0680d4ddb209f2a0a39d8133201401c670e7ff029bbbf0a90991a684",
        "ServicePrincipalId":  "bca0515e-8eb8-4e19-aa3b-6d3dad25ffad",
        "ServicePrincipalType":  null
    },
    {
        "AppId":  null,
        "AppName":  "HelperApp_11c1fe264cbfa1615f2b88095c097cd5e7c8db9a48acd1487ef03f4206c6644d",
        "ServicePrincipalId":  "c6c41741-0d87-4272-b54c-406f45737662",
        "ServicePrincipalType":  null
    },
    {
        "AppId":  null,
        "AppName":  "AzureAD Lab",
        "ServicePrincipalId":  "c71b6f90-3b92-4232-b030-388d9dd4fe1b",
        "ServicePrincipalType":  null
    },
    {
        "AppId":  null,
        "AppName":  "HelperApp_247a9c0e0516f7c6558e5d37f5337866f3d827827287305a02a5e7ce858fbf6f",
        "ServicePrincipalId":  "16518b10-2cf0-431d-8f5c-557c85097924",
        "ServicePrincipalType":  null
    },
    {
        "AppId":  null,
        "AppName":  "HelperApp_c0da3ea925a55a04ca6d0cb1f09938c5f4df8801ef2e4d29e966b01808bcefaf",
        "ServicePrincipalId":  "c23e1f9a-c90f-42d8-803c-d01a6434538d",
        "ServicePrincipalType":  null
    },
    {
        "AppId":  null,
        "AppName":  "HelperApp_c0da3ea925a55a04ca6d0cb1f09938c5f4df8801ef2e4d29e966b01808bcefaf",
        "ServicePrincipalId":  "92352130-a762-4bb1-a553-28553267bcb2",
        "ServicePrincipalType":  null
    },
    {
        "AppId":  null,
        "AppName":  "HelperApp_74f46923102f53681157dddebc319f76eace1f06c6a0d564eafd9229d784bbfe",
        "ServicePrincipalId":  "f1af36ee-7eca-460d-b316-83633a85cc10",
        "ServicePrincipalType":  null
    },
    {
        "AppId":  null,
        "AppName":  "HelperApp_be05271b1289aaf8b49e609c2be7a53d48d4b4d9483bbfdedba31e9a13fdc6ba",
        "ServicePrincipalId":  "dbe18a0e-ac16-4bce-a82e-4a7e6d5cf9b8",
        "ServicePrincipalType":  null
    },
    {
        "AppId":  null,
        "AppName":  "HelperApp_ff38f481ad74c205dce55fbdff9f08232f612bb2b76f255caba587eb8ab8f5e8",
        "ServicePrincipalId":  "64595108-144f-4d93-94a4-50ac3c42a08a",
        "ServicePrincipalType":  null
    },
    {
        "AppId":  null,
        "AppName":  "P2P Server",
        "ServicePrincipalId":  "0850c94e-17ed-46ec-a54f-21bcc383c899",
        "ServicePrincipalType":  null
    }
	]
}
