{
	"meta": {
		"count": 10,
		"type": "azapplicationowners",
		"version": 4
	},
	"data": [
    {
        "AppId":  "3bf8e667-5ef4-41c6-affe-32e74c1b78ec",
        "AppObjectId":  "13f4bdaa-828a-454e-9430-21e7850c96d0",
        "AppName":  "HelperApp_3af3efbd0680d4ddb209f2a0a39d8133201401c670e7ff029bbbf0a90991a684",
        "OwnerID":  "c71b6f90-3b92-4232-b030-388d9dd4fe1b",
        "OwnerType":  "ServicePrincipal",
        "OwnerOnPremID":  null
    },
    {
        "AppId":  "add285f2-ec94-48cc-bd6c-daa5afa0c9d1",
        "AppObjectId":  "2e54d2c5-00f7-41ef-9908-0acc82214be9",
        "AppName":  "HelperApp_11c1fe264cbfa1615f2b88095c097cd5e7c8db9a48acd1487ef03f4206c6644d",
        "OwnerID":  "c71b6f90-3b92-4232-b030-388d9dd4fe1b",
        "OwnerType":  "ServicePrincipal",
        "OwnerOnPremID":  null
    },
    {
        "AppId":  "af36f19f-94d0-49db-a75a-e2a5d4b2a5d7",
        "AppObjectId":  "3d33ec6c-6cb4-4f51-91f0-9b4bd4b2bcc0",
        "AppName":  "HelperApp_madhavb1289aaf8b49e609c2be7a53d48d4b4d9483bbfdedba31e9a13fdc6ba",
        "OwnerID":  "c71b6f90-3b92-4232-b030-388d9dd4fe1b",
        "OwnerType":  "ServicePrincipal",
        "OwnerOnPremID":  null
    },
    {
        "AppId":  "0c051c23-e917-460e-b723-df10d71b89c6",
        "AppObjectId":  "7628cc9d-a67a-4f81-b2f3-81f9ae3e4c05",
        "AppName":  "AzureAD Lab",
        "OwnerID":  "ec7cf1b7-dfdb-4c23-89a5-5e680b4c4e4d",
        "OwnerType":  "User",
        "OwnerOnPremID":  null
    },
    {
        "AppId":  "feb5f126-f4c9-4adf-aff0-713dcb1024ec",
        "AppObjectId":  "96706c49-fde5-4cba-a50b-b809623eeed1",
        "AppName":  "HelperApp_247a9c0e0516f7c6558e5d37f5337866f3d827827287305a02a5e7ce858fbf6f",
        "OwnerID":  "c71b6f90-3b92-4232-b030-388d9dd4fe1b",
        "OwnerType":  "ServicePrincipal",
        "OwnerOnPremID":  null
    },
    {
        "AppId":  "40c3c377-5932-4aa3-b82d-bf889c146730",
        "AppObjectId":  "9d3eef71-d224-4696-895b-9bffe7aaadc8",
        "AppName":  "HelperApp_c0da3ea925a55a04ca6d0cb1f09938c5f4df8801ef2e4d29e966b01808bcefaf",
        "OwnerID":  "c71b6f90-3b92-4232-b030-388d9dd4fe1b",
        "OwnerType":  "ServicePrincipal",
        "OwnerOnPremID":  null
    },
    {
        "AppId":  "ab06ec53-bda0-4bc1-a03c-dcfd339d470a",
        "AppObjectId":  "b32560ef-0cd5-477d-824d-ba77919478a7",
        "AppName":  "HelperApp_c0da3ea925a55a04ca6d0cb1f09938c5f4df8801ef2e4d29e966b01808bcefaf",
        "OwnerID":  "c71b6f90-3b92-4232-b030-388d9dd4fe1b",
        "OwnerType":  "ServicePrincipal",
        "OwnerOnPremID":  null
    },
    {
        "AppId":  "cb323f3a-7d78-49ad-a56a-f007a807361e",
        "AppObjectId":  "c10c5aec-2095-466a-aeff-088004cbdd93",
        "AppName":  "HelperApp_74f46923102f53681157dddebc319f76eace1f06c6a0d564eafd9229d784bbfe",
        "OwnerID":  "c71b6f90-3b92-4232-b030-388d9dd4fe1b",
        "OwnerType":  "ServicePrincipal",
        "OwnerOnPremID":  null
    },
    {
        "AppId":  "4e92f99e-51d0-461a-a1b9-c3b955a4f59a",
        "AppObjectId":  "e3a58c8d-4cf0-4a3b-b82a-847a9658abae",
        "AppName":  "HelperApp_be05271b1289aaf8b49e609c2be7a53d48d4b4d9483bbfdedba31e9a13fdc6ba",
        "OwnerID":  "c71b6f90-3b92-4232-b030-388d9dd4fe1b",
        "OwnerType":  "ServicePrincipal",
        "OwnerOnPremID":  null
    },
    {
        "AppId":  "63cb3dac-a521-4710-b22a-84145cb245cc",
        "AppObjectId":  "e5dbedb4-3dcd-4946-aa99-3304a9a47dc3",
        "AppName":  "HelperApp_ff38f481ad74c205dce55fbdff9f08232f612bb2b76f255caba587eb8ab8f5e8",
        "OwnerID":  "c71b6f90-3b92-4232-b030-388d9dd4fe1b",
        "OwnerType":  "ServicePrincipal",
        "OwnerOnPremID":  null
    }
	]
}
