{
	"meta": {
		"count": 2,
		"type": "azglobaladminrights",
		"version": 4
	},
	"data": [
    {
        "UserName":  "admin",
        "ObjectType":  "User",
        "UserID":  "ec7cf1b7-dfdb-4c23-89a5-5e680b4c4e4d",
        "UserOnPremID":  null,
        "TenantDisplayName":  "DefCorp Space Research Group",
        "TenantID":  "15e43385-64db-4b74-a18b-d167ec5ef191"
    },
    {
        "UserName":  "Monika",
        "ObjectType":  "User",
        "UserID":  "fac406fb-7559-4e53-b698-bdaba813f80f",
        "UserOnPremID":  null,
        "TenantDisplayName":  "DefCorp Space Research Group",
        "TenantID":  "15e43385-64db-4b74-a18b-d167ec5ef191"
    }
	]
}
